[
  {
    "Type": "Scoreboard",
    "X": 5.0,
    "Y": 0.0,
    "Scale": 1.0,
    "HorizontalFacing": "Right",
    "VerticalFacing": "Middle",
    "Text-R": 255,
    "Text-G": 255,
    "Text-B": 255,
    "Background-R": 0,
    "Background-G": 0,
    "Background-B": 0,
    "Background-Alpha": 95,
    "Rect": false,
    "Rect-Color": "Custom",
    "Rect-R": 0,
    "Rect-G": 111,
    "Rect-B": 255,
    "Rect-Alpha": 255,
    "Shadow": false,
    "Font": {
      "fontName": "Minecraft Font",
      "fontSize": -1
    }
  },
  {
    "Type": "Effects",
    "X": 2.0,
    "Y": 10.0,
    "Scale": 1.0,
    "HorizontalFacing": "Right",
    "VerticalFacing": "Down",
    "Font": {
      "fontName": "Font",
      "fontSize": 35
    },
    "Shadow": true
  },
  {
    "Type": "Target",
    "X": 405.0,
    "Y": 641.0,
    "Scale": 1.0,
    "HorizontalFacing": "Left",
    "VerticalFacing": "Up",
    "FadeSpeed": 2.0
  },
  {
    "Type": "Armor",
    "X": -102.0,
    "Y": 18.0,
    "Scale": 1.0,
    "HorizontalFacing": "Middle",
    "VerticalFacing": "Down",
    "Alignment": "Horizontal"
  },
  {
    "Type": "Notifications",
    "X": 60.0,
    "Y": 56.0,
    "Scale": 1.0,
    "HorizontalFacing": "Right",
    "VerticalFacing": "Down",
    "BackGroundAlpha": 170,
    "Font": {
      "fontName": "Font",
      "fontSize": 35
    }
  },
  {
    "Type": "Arraylist",
    "X": -1.0,
    "Y": -1.0,
    "Scale": 1.0,
    "HorizontalFacing": "Right",
    "VerticalFacing": "Up",
    "BRainbowSpeed": 90,
    "BRainbow-Saturation": 1.0,
    "BRainbow-Brightness": 1.0,
    "BRainbow-R": 0,
    "BRainbow-B": 50,
    "BRainbow-G": 50,
    "Rainbow-X": -1000.0,
    "Rainbow-Y": -1000.0,
    "Text-Color": "Bainbow",
    "Text-R": 245,
    "Text-G": 126,
    "Text-B": 255,
    "R2": 128,
    "G2": 194,
    "B2": 255,
    "GidentSpeed": 495,
    "TwoRainbow": 1.0,
    "Rect-Color": "Bainbow",
    "Rect-R": 255,
    "Rect-G": 255,
    "Rect-B": 255,
    "Rect-Alpha": 255,
    "Random-Saturation": 0.9,
    "Random-Brightness": 1.0,
    "Tags": true,
    "ShadowText": true,
    "Background-Color": "Custom",
    "Background-R": 0,
    "Background-G": 0,
    "Background-B": 0,
    "Background-Alpha": 255,
    "BackGroundWidth": 2,
    "Rect": "Outline",
    "UpperCase": false,
    "Space": 0.0,
    "TextHeight": 11.0,
    "TextY": 1.0,
    "TagsArrayColor": false,
    "NameBreak": false,
    "Font": {
      "fontName": "Minecraft Font",
      "fontSize": -1
    }
  },
  {
    "Type": "Text",
    "X": 23.0,
    "Y": 35.0,
    "Scale": 1.0,
    "HorizontalFacing": "Left",
    "VerticalFacing": "Up",
    "DisplayText": "Submerge",
    "RectMode": "None",
    "Text-Color": "Custom",
    "Red": 255,
    "Green": 255,
    "Blue": 255,
    "R2": 0,
    "G2": 111,
    "B2": 255,
    "Background-Red": 0,
    "Background-Green": 0,
    "Background-Blue": 0,
    "Background-Alpha": 120,
    "Amount": 25,
    "GidentSpeed": 100,
    "Distance": 0,
    "Rainbow-X": -1000.0,
    "Rainbow-Y": -1000.0,
    "Shadow": false,
    "Font": {
      "fontName": "Bold",
      "fontSize": 120
    }
  }
]
