[
  {
    "Type": "Armor",
    "X": -95.0,
    "Y": 71.0,
    "Scale": 1.0,
    "HorizontalFacing": "Middle",
    "VerticalFacing": "Down",
    "Alignment": "Vertical"
  },
  {
    "Type": "Scoreboard",
    "X": -1.0,
    "Y": 154.0,
    "Scale": 0.9,
    "HorizontalFacing": "Right",
    "VerticalFacing": "Middle",
    "Font": {
      "fontName": "Minecraft Font",
      "fontSize": -1
    }
  },
  {
    "Type": "Target",
    "X": 167.0,
    "Y": 275.0,
    "Scale": 1.0,
    "HorizontalFacing": "Middle",
    "VerticalFacing": "Up"
  },
  {
    "Type": "Arraylist",
    "X": -645.0,
    "Y": 34.0,
    "Scale": 0.84999996,
    "HorizontalFacing": "Middle",
    "VerticalFacing": "Up",
    "Font": {
      "fontName": "SFUI35",
      "fontSize": 35
    }
  },
  {
    "Type": "Notifications",
    "X": -240.0,
    "Y": 37.0,
    "Scale": 0.79999995,
    "HorizontalFacing": "Right",
    "VerticalFacing": "Down"
  },
  {
    "Type": "Text",
    "X": 9.0,
    "Y": 13.0,
    "Scale": 1.0,
    "HorizontalFacing": "Left",
    "VerticalFacing": "Up",
    "DisplayText": "Drama | %clientversion% | %time% | %fps%Fps | hyt@163.com",
    "Font": {
      "fontName": "Roboto Medium",
      "fontSize": 40
    }
  }
]
